teacher1,teacher1score,teacher2,teacher2score,teacher3,teacher3score,teacher4,teacher4score,teacher5,teacher5score,teacher6,teacher6score
"Late for lecture every time, Should be on time.",-1,Very good teaching skills.,1,Teaching should be improved.,-1,Not so good,-1,Good but to be improved.,0,Best of all.,1
Best teaching skills amongst all the teachers.,1,English needed to be improved.,-1,Good ,1,Good,1,Need much improvement,-1,Need much improvement.,-1
Good but always late for class,0,Okay Okay,0,Okay Okay,0,Neutral,0,Great,1,Okay Okay,0
Teaching is not good,-1,Best teacher ever,1,Teacher should be on time for lectures ,-1,Good but needed to be improved,0,Not good,-1,Not Great,-1
Teaching is good but late for lectures,0.0,Best,1.0,One of the best Teacher,1.0,English to be improved,-1.0,Better improve English,-1.0,Should teach properly,-1.0
Good but not on time for lectures,0.0,Average teaching methodology,0.0,Bad pronunciation of words,-1.0,Explain the topic nicely,1.0,Good teaching skills,1.0,Problems in understanding,-1.0
Best,1.0,Better,1.0,Awesome,1.0,Not good,-1.0,Best teacher,1.0,Late for classes,1.0
Not that good,-1.0,Very much better,1.0,Beliver,1.0,One of the best teachern,1.0,Worst teaching ever,-1.0,Not that bad,-1.0
Not that good teaching,-1.0,Very nice nd clean teaching,1.0,Very poor,-1.0,Staisfying,1.0,Excellent,1.0,Do not counduct lectures at all,-1.0
Not on time for lectures,-1.0,Teaching is much better,1.0,No need to be improved,-1.0,Very Godd in teachings,1.0,Better one,1.0,cool,1.0
Not on time for lectures,-1.0,Cool,1.0,Teachings are awsome,1.0,Need the skills to be improved,-1.0,One of the best teacher,1.0,So rude with students and also teachings are not that better,-1.0
good,1.0,bad,-1.0,excellent,1.0,bad,-1.0,very bad,-1.0,good,1.0
good,1.0,bad,-1.0,excellent,1.0,bad,-1.0,very bad,-1.0,good,1.0
good,1.0,bad,-1.0,excellent,1.0,bad,-1.0,very bad,-1.0,good,1.0
good,1.0,bad,-1.0,excellent,1.0,bad,-1.0,very bad,-1.0,good,1.0
good,1.0,bad,-1.0,excellent,1.0,bad,-1.0,very bad,-1.0,good,1.0
not good,-1.0,good,1.0,good,1.0,bad,-1.0,bad,-1.0,good,1.0
not good,-1.0,not good ,-1.0,extreme,1.0,good,1.0,good,1.0,average,0.0
good,1.0,good,1.0,good,1.0,good,1.0,good,1.0,good,1.0
very good,1.0,very good,1.0,very good,1.0,very good,1.0,very good,1.0,very good,1.0
very good,1.0,very good,1.0,very good,1.0,very good,1.0,very good,1.0,very good,1.0
good  learning outcome,1.0,good  learning outcome,1.0,good  learning outcome,1.0,good  learning outcome,1.0,good  learning outcome,1.0,good  learning outcome,1.0
good  learning outcome,1.0,good  learning outcome,1.0,a,1.0,good  learning outcome,1.0,good  learning outcome,1.0,good  learning outcome,1.0
